SensorID,MeasurementType,MeasurementValue,MeasurementDateTime,FarmName,Location,UserID,PlantName,HarvestDate,Quantity,SystemName,OptimalPH,OptimalHumidity,SensorType,SystemID,UserName,Email,PasswordHash,MaintenanceDate,Description,Type
6.0,Temperature,59.9,2023-11-17 05:59:40,,,,,,,,,,,,,,,,,
20.0,pH,21.93,2023-11-28 07:19:16,,,,,,,,,,,,,,,,,
54.0,pH,30.24,2023-02-04 03:22:45,,,,,,,,,,,,,,,,,
78.0,Temperature,10.59,2023-04-02 14:55:08,,,,,,,,,,,,,,,,,
14.0,Humidity,17.01,2023-12-06 06:33:12,,,,,,,,,,,,,,,,,
96.0,Temperature,70.58,2023-10-18 06:35:16,,,,,,,,,,,,,,,,,
51.0,Temperature,58.63,2023-03-28 20:37:24,,,,,,,,,,,,,,,,,
90.0,Temperature,32.64,2023-10-20 23:00:16,,,,,,,,,,,,,,,,,
37.0,Temperature,86.74,2023-05-26 13:25:32,,,,,,,,,,,,,,,,,
82.0,Humidity,87.07,2023-01-19 08:28:17,,,,,,,,,,,,,,,,,
86.0,Humidity,71.75,2023-06-12 17:57:37,,,,,,,,,,,,,,,,,
42.0,Humidity,73.88,2023-03-03 23:49:12,,,,,,,,,,,,,,,,,
68.0,Temperature,64.06,2023-02-26 19:30:42,,,,,,,,,,,,,,,,,
67.0,pH,67.43,2023-06-02 02:34:24,,,,,,,,,,,,,,,,,
91.0,Humidity,84.71,2023-10-03 20:25:37,,,,,,,,,,,,,,,,,
29.0,pH,51.35,2023-02-27 02:16:52,,,,,,,,,,,,,,,,,
49.0,pH,67.53,2023-09-08 22:30:24,,,,,,,,,,,,,,,,,
44.0,pH,13.73,2023-10-13 18:15:47,,,,,,,,,,,,,,,,,
95.0,pH,92.53,2023-08-01 03:20:33,,,,,,,,,,,,,,,,,
9.0,pH,42.12,2023-08-07 12:26:36,,,,,,,,,,,,,,,,,
97.0,pH,18.26,2023-06-09 07:36:48,,,,,,,,,,,,,,,,,
37.0,Temperature,93.36,2023-09-26 11:28:11,,,,,,,,,,,,,,,,,
47.0,pH,89.99,2023-06-07 11:39:15,,,,,,,,,,,,,,,,,
91.0,Temperature,64.33,2023-12-12 18:49:08,,,,,,,,,,,,,,,,,
51.0,pH,45.93,2023-05-26 03:43:58,,,,,,,,,,,,,,,,,
23.0,Temperature,24.35,2023-01-27 16:17:47,,,,,,,,,,,,,,,,,
58.0,pH,79.35,2023-06-21 08:44:11,,,,,,,,,,,,,,,,,
82.0,pH,16.78,2023-10-03 07:12:14,,,,,,,,,,,,,,,,,
21.0,pH,72.81,2023-03-14 05:38:43,,,,,,,,,,,,,,,,,
3.0,Humidity,71.3,2023-01-21 09:43:38,,,,,,,,,,,,,,,,,
89.0,Humidity,81.22,2023-08-11 22:20:54,,,,,,,,,,,,,,,,,
33.0,pH,20.24,2023-07-01 17:52:06,,,,,,,,,,,,,,,,,
71.0,pH,93.37,2023-11-23 10:41:59,,,,,,,,,,,,,,,,,
64.0,pH,75.75,2023-09-07 15:52:09,,,,,,,,,,,,,,,,,
76.0,Temperature,18.55,2023-03-12 15:14:27,,,,,,,,,,,,,,,,,
2.0,pH,32.6,2023-06-22 19:14:44,,,,,,,,,,,,,,,,,
11.0,Temperature,18.6,2023-12-12 20:22:22,,,,,,,,,,,,,,,,,
32.0,pH,70.5,2023-05-22 12:36:11,,,,,,,,,,,,,,,,,
54.0,Humidity,22.94,2023-04-27 23:30:57,,,,,,,,,,,,,,,,,
32.0,Temperature,82.58,2023-02-25 16:31:50,,,,,,,,,,,,,,,,,
17.0,pH,81.33,2023-04-20 17:10:18,,,,,,,,,,,,,,,,,
11.0,Temperature,42.21,2023-03-10 06:03:49,,,,,,,,,,,,,,,,,
27.0,pH,90.49,2023-04-03 19:49:12,,,,,,,,,,,,,,,,,
95.0,Temperature,14.67,2023-12-21 01:38:55,,,,,,,,,,,,,,,,,
63.0,pH,59.28,2023-12-01 01:47:16,,,,,,,,,,,,,,,,,
34.0,pH,21.41,2023-05-07 07:24:26,,,,,,,,,,,,,,,,,
45.0,Humidity,99.07,2023-01-10 10:09:02,,,,,,,,,,,,,,,,,
96.0,Temperature,25.9,2023-12-25 04:20:54,,,,,,,,,,,,,,,,,
21.0,pH,59.94,2023-06-04 13:07:57,,,,,,,,,,,,,,,,,
41.0,Temperature,99.75,2023-11-05 08:02:23,,,,,,,,,,,,,,,,,
51.0,pH,39.6,2023-03-04 20:21:29,,,,,,,,,,,,,,,,,
86.0,Temperature,61.86,2023-04-09 22:03:29,,,,,,,,,,,,,,,,,
35.0,pH,29.93,2023-03-26 23:58:46,,,,,,,,,,,,,,,,,
94.0,Temperature,70.16,2023-10-21 23:34:33,,,,,,,,,,,,,,,,,
51.0,pH,42.16,2023-11-17 14:57:37,,,,,,,,,,,,,,,,,
16.0,Temperature,13.99,2023-06-09 22:26:58,,,,,,,,,,,,,,,,,
50.0,Temperature,87.46,2023-08-19 23:19:14,,,,,,,,,,,,,,,,,
41.0,Temperature,77.8,2023-07-26 09:39:50,,,,,,,,,,,,,,,,,
77.0,pH,85.76,2023-02-25 06:19:43,,,,,,,,,,,,,,,,,
25.0,Humidity,44.56,2023-12-06 00:43:46,,,,,,,,,,,,,,,,,
33.0,Temperature,62.5,2023-10-04 01:14:50,,,,,,,,,,,,,,,,,
21.0,pH,46.02,2023-02-11 21:17:09,,,,,,,,,,,,,,,,,
22.0,Temperature,52.85,2023-01-26 08:25:12,,,,,,,,,,,,,,,,,
62.0,pH,25.18,2023-12-11 14:13:15,,,,,,,,,,,,,,,,,
42.0,Temperature,21.97,2023-10-17 03:08:20,,,,,,,,,,,,,,,,,
60.0,Temperature,26.56,2023-02-08 03:46:30,,,,,,,,,,,,,,,,,
37.0,Humidity,67.93,2023-07-02 02:05:25,,,,,,,,,,,,,,,,,
19.0,pH,36.79,2023-04-11 17:45:24,,,,,,,,,,,,,,,,,
88.0,Humidity,55.72,2023-03-14 11:08:18,,,,,,,,,,,,,,,,,
93.0,Humidity,16.77,2023-08-15 03:15:18,,,,,,,,,,,,,,,,,
6.0,Humidity,90.13,2023-02-21 11:12:25,,,,,,,,,,,,,,,,,
28.0,Temperature,60.64,2023-01-04 09:08:36,,,,,,,,,,,,,,,,,
68.0,Temperature,54.38,2023-11-15 02:27:58,,,,,,,,,,,,,,,,,
60.0,Humidity,69.85,2023-01-16 17:42:07,,,,,,,,,,,,,,,,,
24.0,Temperature,24.12,2023-05-02 05:34:45,,,,,,,,,,,,,,,,,
74.0,Temperature,65.14,2023-09-21 02:58:26,,,,,,,,,,,,,,,,,
96.0,Humidity,83.81,2023-06-01 15:58:55,,,,,,,,,,,,,,,,,
48.0,pH,47.81,2023-10-15 15:25:21,,,,,,,,,,,,,,,,,
89.0,Temperature,60.02,2023-01-17 14:32:47,,,,,,,,,,,,,,,,,
45.0,Humidity,48.4,2023-03-10 17:57:39,,,,,,,,,,,,,,,,,
85.0,Temperature,91.04,2023-04-11 03:26:59,,,,,,,,,,,,,,,,,
95.0,Temperature,90.6,2023-01-23 02:20:51,,,,,,,,,,,,,,,,,
85.0,pH,97.01,2023-09-08 21:01:43,,,,,,,,,,,,,,,,,
29.0,Humidity,23.99,2023-04-19 17:03:54,,,,,,,,,,,,,,,,,
82.0,Humidity,61.78,2023-11-07 11:33:49,,,,,,,,,,,,,,,,,
8.0,pH,93.72,2023-12-06 20:48:50,,,,,,,,,,,,,,,,,
46.0,Temperature,49.08,2023-11-04 04:42:41,,,,,,,,,,,,,,,,,
31.0,Humidity,74.16,2023-01-17 16:59:56,,,,,,,,,,,,,,,,,
50.0,Temperature,88.81,2023-05-22 16:13:20,,,,,,,,,,,,,,,,,
36.0,Temperature,95.31,2023-04-04 22:03:13,,,,,,,,,,,,,,,,,
99.0,Humidity,88.24,2023-04-08 02:00:43,,,,,,,,,,,,,,,,,
79.0,Humidity,26.88,2023-08-19 11:11:01,,,,,,,,,,,,,,,,,
3.0,Temperature,59.37,2023-04-24 08:38:52,,,,,,,,,,,,,,,,,
45.0,Humidity,76.4,2023-11-14 18:30:17,,,,,,,,,,,,,,,,,
51.0,pH,13.37,2023-12-06 12:24:43,,,,,,,,,,,,,,,,,
76.0,Humidity,95.51,2023-08-27 20:19:04,,,,,,,,,,,,,,,,,
37.0,Temperature,22.76,2023-07-04 01:31:25,,,,,,,,,,,,,,,,,
84.0,pH,87.26,2023-02-15 19:08:13,,,,,,,,,,,,,,,,,
66.0,Temperature,40.29,2023-09-13 03:17:36,,,,,,,,,,,,,,,,,
79.0,Humidity,17.24,2023-09-20 01:49:26,,,,,,,,,,,,,,,,,
48.0,pH,96.45,2023-12-11 16:22:46,,,,,,,,,,,,,,,,,
17.0,Temperature,15.16,2023-12-09 03:51:56,,,,,,,,,,,,,,,,,
39.0,Temperature,96.16,2023-08-26 16:08:04,,,,,,,,,,,,,,,,,
34.0,pH,46.12,2023-06-27 02:36:56,,,,,,,,,,,,,,,,,
4.0,pH,79.29,2023-07-12 20:50:57,,,,,,,,,,,,,,,,,
46.0,Humidity,63.6,2023-10-08 23:13:00,,,,,,,,,,,,,,,,,
30.0,Temperature,80.56,2023-09-13 01:44:45,,,,,,,,,,,,,,,,,
89.0,pH,12.35,2023-08-06 01:43:23,,,,,,,,,,,,,,,,,
3.0,Temperature,25.74,2023-06-20 03:24:42,,,,,,,,,,,,,,,,,
96.0,Temperature,82.2,2023-03-06 21:22:35,,,,,,,,,,,,,,,,,
83.0,pH,98.87,2023-03-08 14:34:12,,,,,,,,,,,,,,,,,
40.0,Humidity,62.23,2023-08-14 01:15:33,,,,,,,,,,,,,,,,,
64.0,Temperature,85.29,2023-11-14 18:12:15,,,,,,,,,,,,,,,,,
30.0,pH,21.8,2023-02-09 05:35:24,,,,,,,,,,,,,,,,,
17.0,Humidity,89.11,2023-05-17 18:55:09,,,,,,,,,,,,,,,,,
85.0,Humidity,62.7,2023-05-17 10:50:49,,,,,,,,,,,,,,,,,
6.0,Temperature,49.04,2023-09-15 16:37:06,,,,,,,,,,,,,,,,,
14.0,Humidity,35.97,2023-05-24 06:00:35,,,,,,,,,,,,,,,,,
26.0,Temperature,17.07,2023-07-09 12:47:43,,,,,,,,,,,,,,,,,
74.0,Humidity,91.38,2023-08-11 19:22:27,,,,,,,,,,,,,,,,,
86.0,Temperature,58.25,2023-09-18 21:27:35,,,,,,,,,,,,,,,,,
36.0,pH,64.56,2023-06-22 11:30:49,,,,,,,,,,,,,,,,,
72.0,Temperature,12.87,2023-05-20 13:15:22,,,,,,,,,,,,,,,,,
4.0,Humidity,48.24,2023-07-11 09:37:49,,,,,,,,,,,,,,,,,
98.0,pH,69.29,2023-03-02 02:20:55,,,,,,,,,,,,,,,,,
61.0,Temperature,87.34,2023-06-12 14:11:34,,,,,,,,,,,,,,,,,
41.0,Humidity,85.9,2023-05-28 09:28:48,,,,,,,,,,,,,,,,,
27.0,pH,46.2,2023-11-18 14:30:42,,,,,,,,,,,,,,,,,
51.0,Humidity,29.99,2023-08-08 20:03:51,,,,,,,,,,,,,,,,,
37.0,pH,95.16,2023-02-04 11:06:08,,,,,,,,,,,,,,,,,
86.0,pH,14.4,2023-02-01 05:48:42,,,,,,,,,,,,,,,,,
32.0,Humidity,39.45,2023-05-06 03:34:05,,,,,,,,,,,,,,,,,
63.0,Humidity,16.6,2023-11-11 14:39:13,,,,,,,,,,,,,,,,,
34.0,Humidity,69.83,2023-11-22 02:34:48,,,,,,,,,,,,,,,,,
18.0,Temperature,71.37,2023-08-25 15:11:41,,,,,,,,,,,,,,,,,
18.0,Humidity,49.92,2023-07-23 00:03:50,,,,,,,,,,,,,,,,,
76.0,Humidity,57.07,2023-01-21 04:21:30,,,,,,,,,,,,,,,,,
62.0,Humidity,90.11,2023-10-08 17:56:19,,,,,,,,,,,,,,,,,
91.0,Humidity,88.74,2023-08-14 05:59:10,,,,,,,,,,,,,,,,,
36.0,pH,90.14,2023-05-01 00:05:07,,,,,,,,,,,,,,,,,
36.0,Temperature,84.26,2023-10-22 20:06:29,,,,,,,,,,,,,,,,,
33.0,Humidity,57.79,2023-04-27 09:20:08,,,,,,,,,,,,,,,,,
53.0,pH,78.73,2023-12-13 13:03:52,,,,,,,,,,,,,,,,,
58.0,pH,12.34,2023-01-14 17:08:35,,,,,,,,,,,,,,,,,
13.0,Temperature,71.54,2023-12-22 04:55:38,,,,,,,,,,,,,,,,,
38.0,pH,64.31,2023-09-09 20:13:39,,,,,,,,,,,,,,,,,
83.0,Humidity,14.65,2023-12-07 17:05:10,,,,,,,,,,,,,,,,,
29.0,Humidity,99.92,2023-06-15 20:32:56,,,,,,,,,,,,,,,,,
84.0,Humidity,65.97,2023-04-08 07:24:07,,,,,,,,,,,,,,,,,
26.0,Temperature,72.66,2023-10-05 19:16:19,,,,,,,,,,,,,,,,,
68.0,Temperature,12.15,2023-09-11 19:53:35,,,,,,,,,,,,,,,,,
57.0,Humidity,21.89,2023-05-18 17:43:20,,,,,,,,,,,,,,,,,
70.0,pH,55.29,2023-10-12 16:06:43,,,,,,,,,,,,,,,,,
83.0,pH,50.16,2023-09-25 19:59:13,,,,,,,,,,,,,,,,,
29.0,Temperature,83.17,2023-09-15 07:27:08,,,,,,,,,,,,,,,,,
37.0,Humidity,92.55,2023-05-01 18:28:23,,,,,,,,,,,,,,,,,
4.0,Humidity,75.95,2023-01-28 01:47:45,,,,,,,,,,,,,,,,,
10.0,Temperature,65.42,2023-02-07 04:28:33,,,,,,,,,,,,,,,,,
94.0,pH,52.21,2023-01-22 14:39:21,,,,,,,,,,,,,,,,,
51.0,Humidity,10.33,2023-12-10 22:24:09,,,,,,,,,,,,,,,,,
86.0,Humidity,22.38,2023-10-03 02:54:49,,,,,,,,,,,,,,,,,
1.0,Temperature,64.88,2023-05-02 06:38:16,,,,,,,,,,,,,,,,,
79.0,pH,75.47,2023-05-11 20:27:25,,,,,,,,,,,,,,,,,
78.0,pH,74.84,2023-03-11 12:40:17,,,,,,,,,,,,,,,,,
32.0,Temperature,42.91,2023-01-06 02:11:24,,,,,,,,,,,,,,,,,
89.0,Temperature,11.74,2023-10-18 16:54:08,,,,,,,,,,,,,,,,,
97.0,Temperature,87.01,2023-08-02 00:08:20,,,,,,,,,,,,,,,,,
36.0,pH,12.0,2023-06-22 10:24:50,,,,,,,,,,,,,,,,,
99.0,Temperature,97.78,2023-06-20 14:53:24,,,,,,,,,,,,,,,,,
82.0,pH,91.8,2023-02-06 14:35:45,,,,,,,,,,,,,,,,,
45.0,pH,49.87,2023-02-15 10:19:00,,,,,,,,,,,,,,,,,
7.0,Humidity,50.39,2023-05-13 23:47:47,,,,,,,,,,,,,,,,,
65.0,Humidity,68.32,2023-06-08 01:41:47,,,,,,,,,,,,,,,,,
23.0,Temperature,75.67,2023-06-17 23:09:37,,,,,,,,,,,,,,,,,
47.0,pH,61.66,2023-07-26 12:53:40,,,,,,,,,,,,,,,,,
41.0,Humidity,26.96,2023-07-17 17:15:57,,,,,,,,,,,,,,,,,
48.0,Temperature,23.44,2023-12-06 05:02:43,,,,,,,,,,,,,,,,,
89.0,Humidity,48.57,2023-07-04 20:12:07,,,,,,,,,,,,,,,,,
46.0,Temperature,54.11,2023-07-28 03:50:08,,,,,,,,,,,,,,,,,
85.0,Temperature,48.9,2023-05-27 16:55:22,,,,,,,,,,,,,,,,,
35.0,Temperature,23.58,2023-11-12 12:42:44,,,,,,,,,,,,,,,,,
52.0,Humidity,12.66,2023-02-15 16:32:18,,,,,,,,,,,,,,,,,
54.0,Temperature,96.79,2023-07-15 22:17:00,,,,,,,,,,,,,,,,,
25.0,pH,54.75,2023-08-14 23:13:49,,,,,,,,,,,,,,,,,
65.0,pH,97.09,2023-03-09 14:40:22,,,,,,,,,,,,,,,,,
1.0,Temperature,40.1,2023-02-21 00:53:07,,,,,,,,,,,,,,,,,
79.0,Temperature,42.86,2023-10-11 04:38:04,,,,,,,,,,,,,,,,,
9.0,Humidity,18.22,2023-12-04 01:24:12,,,,,,,,,,,,,,,,,
48.0,Temperature,17.37,2023-10-18 09:32:14,,,,,,,,,,,,,,,,,
4.0,Temperature,12.3,2023-04-21 06:06:03,,,,,,,,,,,,,,,,,
90.0,Humidity,90.48,2023-06-18 04:36:38,,,,,,,,,,,,,,,,,
7.0,pH,30.39,2023-04-06 08:11:26,,,,,,,,,,,,,,,,,
88.0,Humidity,32.97,2023-11-23 21:51:50,,,,,,,,,,,,,,,,,
85.0,Humidity,84.54,2023-07-16 07:48:26,,,,,,,,,,,,,,,,,
49.0,Temperature,62.29,2023-05-28 10:31:30,,,,,,,,,,,,,,,,,
81.0,Humidity,27.44,2023-09-19 00:53:30,,,,,,,,,,,,,,,,,
82.0,Humidity,48.01,2023-11-24 21:33:10,,,,,,,,,,,,,,,,,
95.0,pH,48.05,2023-05-07 03:17:37,,,,,,,,,,,,,,,,,
57.0,Temperature,76.09,2023-07-18 19:53:32,,,,,,,,,,,,,,,,,
81.0,Humidity,77.29,2023-11-22 00:57:46,,,,,,,,,,,,,,,,,
92.0,Humidity,81.92,2023-11-06 12:56:07,,,,,,,,,,,,,,,,,
80.0,Temperature,68.97,2023-04-20 00:55:47,,,,,,,,,,,,,,,,,
77.0,pH,90.45,2023-11-22 17:48:40,,,,,,,,,,,,,,,,,
59.0,Humidity,11.58,2023-09-15 16:28:10,,,,,,,,,,,,,,,,,
23.0,Temperature,22.1,2023-11-11 18:06:07,,,,,,,,,,,,,,,,,
42.0,Humidity,56.37,2023-03-20 02:56:34,,,,,,,,,,,,,,,,,
69.0,pH,47.03,2023-09-02 04:03:07,,,,,,,,,,,,,,,,,
27.0,pH,55.35,2023-05-20 20:52:31,,,,,,,,,,,,,,,,,
65.0,Humidity,71.26,2023-05-02 04:38:23,,,,,,,,,,,,,,,,,
76.0,Temperature,28.63,2023-01-03 11:15:01,,,,,,,,,,,,,,,,,
94.0,Temperature,55.93,2023-09-24 18:07:20,,,,,,,,,,,,,,,,,
35.0,pH,69.41,2023-04-04 18:10:22,,,,,,,,,,,,,,,,,
17.0,Humidity,65.75,2023-07-05 03:34:42,,,,,,,,,,,,,,,,,
55.0,Temperature,88.87,2023-07-16 14:49:08,,,,,,,,,,,,,,,,,
71.0,Temperature,20.48,2023-04-01 18:42:58,,,,,,,,,,,,,,,,,
92.0,pH,90.84,2023-09-03 11:32:05,,,,,,,,,,,,,,,,,
32.0,pH,79.33,2023-12-26 03:30:11,,,,,,,,,,,,,,,,,
72.0,pH,49.48,2023-10-02 04:23:02,,,,,,,,,,,,,,,,,
54.0,pH,32.85,2023-10-08 13:03:41,,,,,,,,,,,,,,,,,
31.0,Temperature,43.83,2023-03-20 12:13:50,,,,,,,,,,,,,,,,,
26.0,Temperature,21.94,2023-01-24 06:10:46,,,,,,,,,,,,,,,,,
42.0,Humidity,64.99,2023-10-01 00:43:58,,,,,,,,,,,,,,,,,
54.0,Humidity,11.89,2023-08-18 10:26:28,,,,,,,,,,,,,,,,,
32.0,pH,95.97,2023-09-18 19:14:58,,,,,,,,,,,,,,,,,
87.0,pH,31.33,2023-01-05 06:36:46,,,,,,,,,,,,,,,,,
90.0,Humidity,49.61,2023-07-21 01:35:58,,,,,,,,,,,,,,,,,
13.0,Temperature,58.71,2023-04-24 09:29:20,,,,,,,,,,,,,,,,,
75.0,Humidity,26.35,2023-12-20 19:27:05,,,,,,,,,,,,,,,,,
1.0,Humidity,84.3,2023-10-13 10:55:41,,,,,,,,,,,,,,,,,
24.0,Temperature,89.87,2023-10-25 19:39:53,,,,,,,,,,,,,,,,,
48.0,pH,27.9,2023-07-07 11:03:52,,,,,,,,,,,,,,,,,
12.0,Humidity,53.31,2023-03-16 14:45:35,,,,,,,,,,,,,,,,,
94.0,Temperature,17.01,2023-04-16 09:09:05,,,,,,,,,,,,,,,,,
16.0,pH,47.24,2023-12-14 01:22:03,,,,,,,,,,,,,,,,,
97.0,pH,92.78,2023-02-13 15:00:04,,,,,,,,,,,,,,,,,
69.0,Humidity,43.07,2023-03-24 08:54:48,,,,,,,,,,,,,,,,,
86.0,pH,72.52,2023-12-24 01:15:42,,,,,,,,,,,,,,,,,
54.0,Humidity,65.06,2023-12-03 09:14:32,,,,,,,,,,,,,,,,,
88.0,Temperature,13.57,2023-12-01 18:24:17,,,,,,,,,,,,,,,,,
64.0,Temperature,98.74,2023-04-18 17:51:43,,,,,,,,,,,,,,,,,
59.0,Temperature,28.58,2023-01-01 09:47:52,,,,,,,,,,,,,,,,,
13.0,pH,63.94,2023-03-09 05:42:37,,,,,,,,,,,,,,,,,
43.0,Temperature,99.38,2023-03-01 11:23:57,,,,,,,,,,,,,,,,,
12.0,Temperature,12.59,2023-09-26 14:34:26,,,,,,,,,,,,,,,,,
57.0,Temperature,13.29,2023-07-01 14:32:10,,,,,,,,,,,,,,,,,
4.0,pH,44.87,2023-08-18 18:01:38,,,,,,,,,,,,,,,,,
98.0,Humidity,32.05,2023-09-17 08:32:35,,,,,,,,,,,,,,,,,
94.0,pH,28.13,2023-10-06 19:37:59,,,,,,,,,,,,,,,,,
65.0,Temperature,46.1,2023-06-27 08:35:36,,,,,,,,,,,,,,,,,
26.0,Temperature,65.82,2023-04-24 16:01:28,,,,,,,,,,,,,,,,,
56.0,Temperature,74.02,2023-10-21 05:01:01,,,,,,,,,,,,,,,,,
15.0,pH,57.2,2023-05-04 17:41:26,,,,,,,,,,,,,,,,,
69.0,Humidity,63.37,2023-04-05 04:51:38,,,,,,,,,,,,,,,,,
55.0,Temperature,82.93,2023-04-10 05:24:12,,,,,,,,,,,,,,,,,
32.0,Temperature,46.22,2023-09-15 04:45:48,,,,,,,,,,,,,,,,,
5.0,pH,56.28,2023-11-15 20:41:44,,,,,,,,,,,,,,,,,
48.0,pH,83.58,2023-05-16 13:20:36,,,,,,,,,,,,,,,,,
21.0,Temperature,75.81,2023-12-05 16:42:19,,,,,,,,,,,,,,,,,
82.0,pH,28.33,2023-04-20 10:58:20,,,,,,,,,,,,,,,,,
15.0,Humidity,25.28,2023-02-17 06:29:27,,,,,,,,,,,,,,,,,
30.0,Temperature,48.58,2023-06-07 23:50:55,,,,,,,,,,,,,,,,,
79.0,Humidity,39.12,2023-11-21 14:01:41,,,,,,,,,,,,,,,,,
14.0,Humidity,65.92,2023-02-16 03:27:00,,,,,,,,,,,,,,,,,
96.0,Humidity,98.7,2023-03-10 01:17:18,,,,,,,,,,,,,,,,,
68.0,Humidity,23.11,2023-10-28 09:47:05,,,,,,,,,,,,,,,,,
75.0,Temperature,58.0,2023-12-15 01:13:20,,,,,,,,,,,,,,,,,
85.0,Humidity,87.88,2023-07-17 17:43:26,,,,,,,,,,,,,,,,,
93.0,Humidity,49.47,2023-03-25 01:44:17,,,,,,,,,,,,,,,,,
65.0,pH,92.69,2023-03-16 06:13:07,,,,,,,,,,,,,,,,,
64.0,Humidity,66.94,2023-01-24 12:44:31,,,,,,,,,,,,,,,,,
37.0,Temperature,11.45,2023-04-23 13:52:18,,,,,,,,,,,,,,,,,
58.0,Humidity,32.75,2023-09-21 16:18:45,,,,,,,,,,,,,,,,,
35.0,Humidity,49.54,2023-10-21 03:15:59,,,,,,,,,,,,,,,,,
60.0,Humidity,33.4,2023-02-18 08:03:17,,,,,,,,,,,,,,,,,
60.0,Humidity,11.68,2023-12-21 05:39:34,,,,,,,,,,,,,,,,,
66.0,Humidity,58.07,2023-01-15 08:23:05,,,,,,,,,,,,,,,,,
2.0,Temperature,60.59,2023-08-23 20:26:13,,,,,,,,,,,,,,,,,
43.0,Humidity,88.81,2023-03-08 21:32:33,,,,,,,,,,,,,,,,,
18.0,Humidity,66.38,2023-03-21 02:07:31,,,,,,,,,,,,,,,,,
55.0,Temperature,12.93,2023-11-09 04:06:13,,,,,,,,,,,,,,,,,
88.0,pH,31.81,2023-08-27 03:41:13,,,,,,,,,,,,,,,,,
98.0,Humidity,21.16,2023-01-10 13:47:30,,,,,,,,,,,,,,,,,
36.0,Humidity,50.06,2023-07-27 22:42:18,,,,,,,,,,,,,,,,,
70.0,pH,19.63,2023-09-12 15:05:56,,,,,,,,,,,,,,,,,
90.0,Humidity,40.13,2023-08-25 06:57:12,,,,,,,,,,,,,,,,,
44.0,Temperature,41.72,2023-12-22 22:16:47,,,,,,,,,,,,,,,,,
4.0,Temperature,27.43,2023-05-23 15:35:47,,,,,,,,,,,,,,,,,
22.0,Temperature,12.41,2023-05-28 08:57:20,,,,,,,,,,,,,,,,,
21.0,Humidity,96.82,2023-04-04 08:23:24,,,,,,,,,,,,,,,,,
82.0,Temperature,37.41,2023-05-23 04:07:05,,,,,,,,,,,,,,,,,
53.0,Humidity,14.78,2023-08-25 19:22:49,,,,,,,,,,,,,,,,,
52.0,Temperature,13.39,2023-03-01 23:33:30,,,,,,,,,,,,,,,,,
96.0,pH,72.45,2023-08-19 10:29:25,,,,,,,,,,,,,,,,,
15.0,Temperature,52.93,2023-11-18 06:34:43,,,,,,,,,,,,,,,,,
29.0,Temperature,13.32,2023-05-17 07:04:12,,,,,,,,,,,,,,,,,
16.0,Temperature,43.06,2023-07-23 23:51:47,,,,,,,,,,,,,,,,,
63.0,Humidity,12.61,2023-03-18 09:11:44,,,,,,,,,,,,,,,,,
5.0,Humidity,77.95,2023-05-17 01:33:19,,,,,,,,,,,,,,,,,
31.0,Temperature,81.66,2023-04-05 04:34:45,,,,,,,,,,,,,,,,,
84.0,Temperature,75.18,2023-03-27 23:38:35,,,,,,,,,,,,,,,,,
,,,,Green Valley,"123 Green Valley Rd, Springfield",9.0,,,,,,,,,,,,,,
,,,,Eco Paradise,"456 Hydroponic Ln, Greenville",4.0,,,,,,,,,,,,,,
,,,,Urban Oasis,"789 Urban Harvest St, Metropolis",2.0,,,,,,,,,,,,,,
,,,,Fresh Roots Farm,"101 Eco Haven Ave, Riverdale",1.0,,,,,,,,,,,,,,
,,,,Hydro Haven,"202 Fresh Roots Blvd, Sunnydale",7.0,,,,,,,,,,,,,,
,,,,Harvest Central,"303 Sustainable Farm Way, Brookside",13.0,,,,,,,,,,,,,,
,,,,Future AgriTech,"404 Nature's Basket Dr, Hilltown",9.0,,,,,,,,,,,,,,
,,,,Nature's Basket,"505 Hydro Central Ct, Laketown",3.0,,,,,,,,,,,,,,
,,,,Green Fields,"606 Sprout Growers Rd, Meadowville",13.0,,,,,,,,,,,,,,
,,,,Blooming Farm,"707 Aquaponic Acres Dr, Plainsville",12.0,,,,,,,,,,,,,,
,,,,Aquaponic Acres,"808 Green Thumb Ln, Forestville",12.0,,,,,,,,,,,,,,
,,,,Sprout Space,"909 Blooming Horizon St, Ridgewood",8.0,,,,,,,,,,,,,,
,,,,Green Thumb Co.,"111 Future AgriTech Blvd, Newburg",3.0,,,,,,,,,,,,,,
,,,,Hydro Growers,"222 Hydro Hub Ave, Clearview",5.0,,,,,,,,,,,,,,
,,,,Sustainable Sprouts,"333 Harvest Central Rd, Bridgewater",9.0,,,,,,,,,,,,,,
,,,,Hydro Haven,,,Sage,2023-09-05,13.9,,,,,,,,,,,
,,,,Green Valley,,,Parsley,2023-01-18,87.18,,,,,,,,,,,
,,,,Green Valley,,,Cranberries,2023-03-09,90.13,,,,,,,,,,,
,,,,Hydro Growers,,,Beets,2023-09-22,13.8,,,,,,,,,,,
,,,,Urban Oasis,,,Pumpkin,2023-01-24,14.23,,,,,,,,,,,
,,,,Harvest Central,,,Basil,2023-05-21,47.58,,,,,,,,,,,
,,,,Sustainable Sprouts,,,Kale,2023-06-27,3.18,,,,,,,,,,,
,,,,Green Thumb Co.,,,Oregano,2023-05-03,88.1,,,,,,,,,,,
,,,,Urban Oasis,,,Strawberries,2023-11-10,85.27,,,,,,,,,,,
,,,,Hydro Haven,,,Blackberries,2023-07-17,11.5,,,,,,,,,,,
,,,,Green Valley,,,Asparagus,2023-09-16,92.38,,,,,,,,,,,
,,,,Aquaponic Acres,,,Peas,2023-06-03,2.88,,,,,,,,,,,
,,,,Hydro Growers,,,Carrot,2023-01-21,99.62,,,,,,,,,,,
,,,,Blooming Farm,,,Asparagus,2023-08-04,52.17,,,,,,,,,,,
,,,,Future AgriTech,,,Beets,2023-02-14,29.14,,,,,,,,,,,
,,,,Nature's Basket,,,Raspberries,2023-11-21,77.88,,,,,,,,,,,
,,,,Green Valley,,,Dill,2023-01-07,80.14,,,,,,,,,,,
,,,,Harvest Central,,,Sage,2023-12-01,73.49,,,,,,,,,,,
,,,,Hydro Haven,,,Peas,2023-12-21,40.01,,,,,,,,,,,
,,,,Green Fields,,,Pumpkin,2023-09-27,89.41,,,,,,,,,,,
,,,,Eco Paradise,,,Chives,2023-10-14,10.71,,,,,,,,,,,
,,,,Urban Oasis,,,Thyme,2023-09-22,25.97,,,,,,,,,,,
,,,,Aquaponic Acres,,,Chard,2023-05-26,56.08,,,,,,,,,,,
,,,,Eco Paradise,,,Escarole,2023-04-12,1.68,,,,,,,,,,,
,,,,Green Valley,,,Zucchini,2023-12-08,98.02,,,,,,,,,,,
,,,,Future AgriTech,,,Fennel,2023-04-16,53.8,,,,,,,,,,,
,,,,Blooming Farm,,,Celery,2023-05-05,8.49,,,,,,,,,,,
,,,,Sustainable Sprouts,,,Gooseberries,2023-06-06,68.27,,,,,,,,,,,
,,,,Blooming Farm,,,Watercress,2023-02-27,85.45,,,,,,,,,,,
,,,,Green Thumb Co.,,,Raspberries,2023-07-02,5.67,,,,,,,,,,,
,,,,Hydro Growers,,,Watercress,2023-09-27,91.16,,,,,,,,,,,
,,,,Green Fields,,,Peas,2023-09-28,63.13,,,,,,,,,,,
,,,,Fresh Roots Farm,,,Turnips,2023-03-07,89.3,,,,,,,,,,,
,,,,Hydro Growers,,,Watercress,2023-01-25,91.61,,,,,,,,,,,
,,,,Fresh Roots Farm,,,Asparagus,2023-05-12,63.32,,,,,,,,,,,
,,,,Sprout Space,,,Carrot,2023-07-05,70.01,,,,,,,,,,,
,,,,Eco Paradise,,,Arugula,2023-05-14,4.86,,,,,,,,,,,
,,,,Urban Oasis,,,Chard,2023-08-13,80.96,,,,,,,,,,,
,,,,Green Thumb Co.,,,Cilantro,2023-04-07,53.11,,,,,,,,,,,
,,,,Hydro Growers,,,Lettuce,2023-05-20,82.4,,,,,,,,,,,
,,,,Sprout Space,,,Tomatoes,2023-12-04,83.05,,,,,,,,,,,
,,,,Future AgriTech,,,Cauliflower,2023-06-17,94.3,,,,,,,,,,,
,,,,Green Fields,,,Endive,2023-09-28,3.77,,,,,,,,,,,
,,,,Green Valley,,,Escarole,2023-02-12,77.98,,,,,,,,,,,
,,,,Fresh Roots Farm,,,Cauliflower,2023-01-05,77.99,,,,,,,,,,,
,,,,Eco Paradise,,,Zucchini,2023-08-28,60.82,,,,,,,,,,,
,,,,Green Fields,,,Blueberries,2023-12-07,94.06,,,,,,,,,,,
,,,,Green Thumb Co.,,,Onions,2023-05-26,55.3,,,,,,,,,,,
,,,,Urban Oasis,,,Endive,2023-06-07,94.53,,,,,,,,,,,
,,,,Sprout Space,,,Cucumber,2023-04-13,1.84,,,,,,,,,,,
,,,,Future AgriTech,,,Celery,2023-07-23,61.3,,,,,,,,,,,
,,,,Green Fields,,,Green Beans,2023-04-10,55.85,,,,,,,,,,,
,,,,Fresh Roots Farm,,,Currants,2023-07-10,50.79,,,,,,,,,,,
,,,,Sprout Space,,,Onions,2023-03-06,29.48,,,,,,,,,,,
,,,,Hydro Haven,,,Onions,2023-06-26,53.83,,,,,,,,,,,
,,,,Green Thumb Co.,,,Cauliflower,2023-07-17,27.17,,,,,,,,,,,
,,,,Urban Oasis,,,Rutabaga,2023-01-21,48.91,,,,,,,,,,,
,,,,Hydro Haven,,,Zucchini,2023-12-05,80.95,,,,,,,,,,,
,,,,Sustainable Sprouts,,,Broccoli,2023-01-21,30.14,,,,,,,,,,,
,,,,Green Valley,,,Rosemary,2023-02-17,20.93,,,,,,,,,,,
,,,,Hydro Growers,,,Cranberries,2023-08-08,68.87,,,,,,,,,,,
,,,,Green Thumb Co.,,,Mint,2023-12-04,73.21,,,,,,,,,,,
,,,,Hydro Haven,,,Arugula,2023-02-16,82.47,,,,,,,,,,,
,,,,Blooming Farm,,,Cauliflower,2023-12-04,30.66,,,,,,,,,,,
,,,,Sustainable Sprouts,,,Artichoke,2023-05-20,69.16,,,,,,,,,,,
,,,,Sustainable Sprouts,,,Zucchini,2023-01-16,42.24,,,,,,,,,,,
,,,,Hydro Growers,,,Okra,2023-05-08,49.21,,,,,,,,,,,
,,,,Blooming Farm,,,Kale,2023-05-08,7.64,,,,,,,,,,,
,,,,Sustainable Sprouts,,,Tomatoes,2023-01-13,45.65,,,,,,,,,,,
,,,,Green Valley,,,Broccoli,2023-12-07,55.71,,,,,,,,,,,
,,,,Blooming Farm,,,Spinach,2023-10-05,92.71,,,,,,,,,,,
,,,,Blooming Farm,,,Peppers,2023-11-07,27.15,,,,,,,,,,,
,,,,Blooming Farm,,,Cilantro,2023-10-16,2.1,,,,,,,,,,,
,,,,Fresh Roots Farm,,,Oregano,2023-07-14,86.26,,,,,,,,,,,
,,,,Hydro Growers,,,Raspberries,2023-04-13,67.07,,,,,,,,,,,
,,,,Green Valley,,,Blackberries,2023-03-20,62.06,,,,,,,,,,,
,,,,Aquaponic Acres,,,Broccoli,2023-06-04,48.29,,,,,,,,,,,
,,,,Hydro Haven,,,Basil,2023-12-24,31.77,,,,,,,,,,,
,,,,Hydro Haven,,,Blueberries,2023-01-18,22.16,,,,,,,,,,,
,,,,Fresh Roots Farm,,,Peas,2023-05-27,20.86,,,,,,,,,,,
,,,,Urban Oasis,,,Beets,2023-03-21,18.82,,,,,,,,,,,
,,,,Fresh Roots Farm,,,Sweet Corn,2023-06-21,22.34,,,,,,,,,,,
,,,,Future AgriTech,,,Garlic,2023-12-21,4.39,,,,,,,,,,,
,,,,Green Thumb Co.,,,Chives,2023-01-01,70.77,,,,,,,,,,,
,,,,Hydro Growers,,,Cauliflower,2023-06-01,32.27,,,,,,,,,,,
,,,,Hydro Haven,,,Lettuce,2023-05-03,78.27,,,,,,,,,,,
,,,,Future AgriTech,,,Cauliflower,2023-07-04,63.58,,,,,,,,,,,
,,,,Sustainable Sprouts,,,Parsley,2023-12-26,91.08,,,,,,,,,,,
,,,,Green Valley,,,Tomatoes,2023-09-02,95.48,,,,,,,,,,,
,,,,Hydro Growers,,,Raspberries,2023-08-16,60.46,,,,,,,,,,,
,,,,Fresh Roots Farm,,,Arugula,2023-06-06,87.95,,,,,,,,,,,
,,,,Fresh Roots Farm,,,Turnips,2023-03-07,13.52,,,,,,,,,,,
,,,,Nature's Basket,,,Squash,2023-12-07,2.59,,,,,,,,,,,
,,,,Green Fields,,,Broccoli,2023-09-12,3.66,,,,,,,,,,,
,,,,Fresh Roots Farm,,,Raspberries,2023-05-10,24.59,,,,,,,,,,,
,,,,Harvest Central,,,Thyme,2023-02-08,69.84,,,,,,,,,,,
,,,,Future AgriTech,,,Raspberries,2023-04-19,9.58,,,,,,,,,,,
,,,,Sustainable Sprouts,,,Zucchini,2023-10-08,87.82,,,,,,,,,,,
,,,,Eco Paradise,,,Asparagus,2023-01-16,24.19,,,,,,,,,,,
,,,,Hydro Haven,,,Turnips,2023-04-14,21.05,,,,,,,,,,,
,,,,Harvest Central,,,,,,System_1,,,,,,,,,,
,,,,Eco Paradise,,,,,,System_2,,,,,,,,,,
,,,,Green Thumb Co.,,,,,,System_3,,,,,,,,,,
,,,,Nature's Basket,,,,,,System_4,,,,,,,,,,
,,,,Sprout Space,,,,,,System_5,,,,,,,,,,
,,,,Hydro Haven,,,,,,System_6,,,,,,,,,,
,,,,Hydro Haven,,,,,,System_7,,,,,,,,,,
,,,,Hydro Haven,,,,,,System_8,,,,,,,,,,
,,,,Green Thumb Co.,,,,,,System_9,,,,,,,,,,
,,,,Hydro Growers,,,,,,System_10,,,,,,,,,,
,,,,Eco Paradise,,,,,,System_11,,,,,,,,,,
,,,,Eco Paradise,,,,,,System_12,,,,,,,,,,
,,,,Green Fields,,,,,,System_13,,,,,,,,,,
,,,,Eco Paradise,,,,,,System_14,,,,,,,,,,
,,,,Hydro Growers,,,,,,System_15,,,,,,,,,,
,,,,Green Thumb Co.,,,,,,System_16,,,,,,,,,,
,,,,Harvest Central,,,,,,System_17,,,,,,,,,,
,,,,Nature's Basket,,,,,,System_18,,,,,,,,,,
,,,,Blooming Farm,,,,,,System_19,,,,,,,,,,
,,,,Nature's Basket,,,,,,System_20,,,,,,,,,,
,,,,Future AgriTech,,,,,,System_21,,,,,,,,,,
,,,,Eco Paradise,,,,,,System_22,,,,,,,,,,
,,,,Blooming Farm,,,,,,System_23,,,,,,,,,,
,,,,Harvest Central,,,,,,System_24,,,,,,,,,,
,,,,Blooming Farm,,,,,,System_25,,,,,,,,,,
,,,,Hydro Haven,,,,,,System_26,,,,,,,,,,
,,,,Green Valley,,,,,,System_27,,,,,,,,,,
,,,,Future AgriTech,,,,,,System_28,,,,,,,,,,
,,,,Hydro Haven,,,,,,System_29,,,,,,,,,,
,,,,Future AgriTech,,,,,,System_30,,,,,,,,,,
,,,,,,,Lettuce,,,,6.24,71.3,,,,,,,,
,,,,,,,Spinach,,,,6.76,78.38,,,,,,,,
,,,,,,,Basil,,,,6.35,78.63,,,,,,,,
,,,,,,,Cilantro,,,,5.73,67.74,,,,,,,,
,,,,,,,Parsley,,,,7.24,76.35,,,,,,,,
,,,,,,,Tomatoes,,,,6.22,44.45,,,,,,,,
,,,,,,,Strawberries,,,,6.31,66.24,,,,,,,,
,,,,,,,Kale,,,,5.87,43.18,,,,,,,,
,,,,,,,Mint,,,,6.4,63.23,,,,,,,,
,,,,,,,Arugula,,,,5.79,44.98,,,,,,,,
,,,,,,,Chard,,,,6.07,77.97,,,,,,,,
,,,,,,,Thyme,,,,6.09,54.7,,,,,,,,
,,,,,,,Rosemary,,,,5.97,42.24,,,,,,,,
,,,,,,,Sage,,,,5.93,45.54,,,,,,,,
,,,,,,,Oregano,,,,6.04,60.23,,,,,,,,
,,,,,,,Peppers,,,,6.02,47.94,,,,,,,,
,,,,,,,Cucumber,,,,5.59,53.75,,,,,,,,
,,,,,,,Zucchini,,,,6.38,56.09,,,,,,,,
,,,,,,,Eggplant,,,,7.4,61.58,,,,,,,,
,,,,,,,Carrot,,,,6.89,66.52,,,,,,,,
,,,,,,,Radish,,,,5.92,76.71,,,,,,,,
,,,,,,,Broccoli,,,,6.42,43.58,,,,,,,,
,,,,,,,Cauliflower,,,,5.5,54.63,,,,,,,,
,,,,,,,Celery,,,,7.3,79.59,,,,,,,,
,,,,,,,Green Beans,,,,6.29,47.65,,,,,,,,
,,,,,,,Peas,,,,6.55,74.61,,,,,,,,
,,,,,,,Onions,,,,6.69,46.64,,,,,,,,
,,,,,,,Garlic,,,,6.67,57.69,,,,,,,,
,,,,,,,Leeks,,,,7.33,52.95,,,,,,,,
,,,,,,,Chives,,,,6.73,50.21,,,,,,,,
,,,,,,,Dill,,,,5.99,56.75,,,,,,,,
,,,,,,,Fennel,,,,7.4,61.14,,,,,,,,
,,,,,,,Beets,,,,7.03,55.8,,,,,,,,
,,,,,,,Turnips,,,,6.04,61.27,,,,,,,,
,,,,,,,Rutabaga,,,,7.37,71.26,,,,,,,,
,,,,,,,Squash,,,,7.19,43.85,,,,,,,,
,,,,,,,Pumpkin,,,,6.79,66.3,,,,,,,,
,,,,,,,Watercress,,,,7.18,64.6,,,,,,,,
,,,,,,,Endive,,,,5.69,68.6,,,,,,,,
,,,,,,,Escarole,,,,6.35,55.4,,,,,,,,
,,,,,,,Artichoke,,,,6.54,70.53,,,,,,,,
,,,,,,,Asparagus,,,,7.19,57.37,,,,,,,,
,,,,,,,Okra,,,,5.95,58.86,,,,,,,,
,,,,,,,Sweet Corn,,,,7.31,51.81,,,,,,,,
,,,,,,,Blueberries,,,,5.92,67.69,,,,,,,,
,,,,,,,Blackberries,,,,6.11,41.88,,,,,,,,
,,,,,,,Raspberries,,,,7.48,65.37,,,,,,,,
,,,,,,,Gooseberries,,,,6.57,65.7,,,,,,,,
,,,,,,,Cranberries,,,,5.8,40.17,,,,,,,,
,,,,,,,Currants,,,,5.72,41.49,,,,,,,,
,,,,,,,,,,,,,Light Intensity,7.0,,,,,,
,,,,,,,,,,,,,Temperature,19.0,,,,,,
,,,,,,,,,,,,,pH,22.0,,,,,,
,,,,,,,,,,,,,Temperature,1.0,,,,,,
,,,,,,,,,,,,,Temperature,16.0,,,,,,
,,,,,,,,,,,,,CO2,16.0,,,,,,
,,,,,,,,,,,,,CO2,6.0,,,,,,
,,,,,,,,,,,,,CO2,23.0,,,,,,
,,,,,,,,,,,,,pH,8.0,,,,,,
,,,,,,,,,,,,,Temperature,23.0,,,,,,
,,,,,,,,,,,,,Humidity,29.0,,,,,,
,,,,,,,,,,,,,Humidity,27.0,,,,,,
,,,,,,,,,,,,,CO2,4.0,,,,,,
,,,,,,,,,,,,,pH,5.0,,,,,,
,,,,,,,,,,,,,pH,5.0,,,,,,
,,,,,,,,,,,,,CO2,10.0,,,,,,
,,,,,,,,,,,,,Humidity,19.0,,,,,,
,,,,,,,,,,,,,pH,15.0,,,,,,
,,,,,,,,,,,,,pH,5.0,,,,,,
,,,,,,,,,,,,,CO2,6.0,,,,,,
,,,,,,,,,,,,,Light Intensity,25.0,,,,,,
,,,,,,,,,,,,,CO2,29.0,,,,,,
,,,,,,,,,,,,,pH,11.0,,,,,,
,,,,,,,,,,,,,Humidity,8.0,,,,,,
,,,,,,,,,,,,,pH,20.0,,,,,,
,,,,,,,,,,,,,Humidity,26.0,,,,,,
,,,,,,,,,,,,,pH,14.0,,,,,,
,,,,,,,,,,,,,Light Intensity,24.0,,,,,,
,,,,,,,,,,,,,Temperature,11.0,,,,,,
,,,,,,,,,,,,,CO2,11.0,,,,,,
,,,,,,,,,,,,,Humidity,24.0,,,,,,
,,,,,,,,,,,,,CO2,9.0,,,,,,
,,,,,,,,,,,,,Temperature,25.0,,,,,,
,,,,,,,,,,,,,pH,24.0,,,,,,
,,,,,,,,,,,,,Light Intensity,3.0,,,,,,
,,,,,,,,,,,,,Humidity,21.0,,,,,,
,,,,,,,,,,,,,pH,30.0,,,,,,
,,,,,,,,,,,,,CO2,26.0,,,,,,
,,,,,,,,,,,,,Light Intensity,2.0,,,,,,
,,,,,,,,,,,,,Light Intensity,10.0,,,,,,
,,,,,,,,,,,,,Humidity,16.0,,,,,,
,,,,,,,,,,,,,Light Intensity,20.0,,,,,,
,,,,,,,,,,,,,Humidity,28.0,,,,,,
,,,,,,,,,,,,,Temperature,9.0,,,,,,
,,,,,,,,,,,,,CO2,1.0,,,,,,
,,,,,,,,,,,,,Light Intensity,24.0,,,,,,
,,,,,,,,,,,,,Temperature,3.0,,,,,,
,,,,,,,,,,,,,pH,7.0,,,,,,
,,,,,,,,,,,,,Humidity,24.0,,,,,,
,,,,,,,,,,,,,Temperature,30.0,,,,,,
,,,,,,,,,,,,,,,Alice Johnson,alice.johnson@example.com,5f4dcc3b5aa765d61d8327deb882cf99,,,
,,,,,,,,,,,,,,,Bob Smith,bob.smith@example.com,6cb75f652a9b52798eb6cf2201057c73,,,
,,,,,,,,,,,,,,,Charlie Brown,charlie.brown@example.com,3a7bd3e2360a3dedd81e3fc0a3249eef,,,
,,,,,,,,,,,,,,,David Wilson,david.wilson@example.com,1d7f7abc18fcb43975065399b0d1e48e,,,
,,,,,,,,,,,,,,,Ella Davis,ella.davis@example.com,e99a18c428cb38d5f260853678922e03,,,
,,,,,,,,,,,,,,,Fiona Clark,fiona.clark@example.com,098f6bcd4621d373cade4e832627b4f6,,,
,,,,,,,,,,,,,,,George Martin,george.martin@example.com,b6d767d2f8ed5d21a44b0e5886680cb9,,,
,,,,,,,,,,,,,,,Hannah Scott,hannah.scott@example.com,c33367701511b4f6020ec61ded352059,,,
,,,,,,,,,,,,,,,Ian Wright,ian.wright@example.com,8f14e45fceea167a5a36dedd4bea2543,,,
,,,,,,,,,,,,,,,Jane Adams,jane.adams@example.com,45c48cce2e2d7fbdea1afc51c7c6ad26,,,
,,,,,,,,,,,,,,,Kevin Hill,kevin.hill@example.com,d41d8cd98f00b204e9800998ecf8427e,,,
,,,,,,,,,,,,,,,Laura Green,laura.green@example.com,e4da3b7fbbce2345d7772b0674a318d5,,,
,,,,,,,,,,,,,,,Mike Taylor,mike.taylor@example.com,1679091c5a880faf6fb5e6087eb1b2dc,,,
,,,,,,,,,,,,,,1.0,,,,2023-01-01,Replaced water filter,OK
,,,,,,,,,,,,,,2.0,,,,2023-01-02,Calibrated pH sensors,Warning
,,,,,,,,,,,,,,3.0,,,,2023-01-03,Checked pump functionality,Error
,,,,,,,,,,,,,,4.0,,,,2023-01-04,Cleaned hydroponic system,Critical
,,,,,,,,,,,,,,5.0,,,,2023-01-05,Replaced faulty sensor,Info
,,,,,,,,,,,,,,6.0,,,,2023-01-06,Inspected lighting system,OK
,,,,,,,,,,,,,,7.0,,,,2023-01-07,Updated software,Warning
,,,,,,,,,,,,,,8.0,,,,2023-01-08,Checked nutrient levels,Error
,,,,,,,,,,,,,,9.0,,,,2023-01-09,Flushed water lines,Critical
,,,,,,,,,,,,,,10.0,,,,2023-01-10,Cleaned algae buildup,Info
,,,,,,,,,,,,,,11.0,,,,2023-01-11,Repaired water leak,OK
,,,,,,,,,,,,,,12.0,,,,2023-01-12,Reset system settings,Warning
,,,,,,,,,,,,,,13.0,,,,2023-01-13,Tested backup power,Error
,,,,,,,,,,,,,,14.0,,,,2023-01-14,Recalibrated timers,Critical
,,,,,,,,,,,,,,15.0,,,,2023-01-15,Checked CO2 levels,Info
,,,,,,,,,,,,,,16.0,,,,2023-01-16,Inspected temperature control,OK
,,,,,,,,,,,,,,17.0,,,,2023-01-17,Cleaned ventilation system,Warning
,,,,,,,,,,,,,,18.0,,,,2023-01-18,Replaced nutrient solution,Error
,,,,,,,,,,,,,,19.0,,,,2023-01-19,Tested water pressure,Critical
,,,,,,,,,,,,,,20.0,,,,2023-01-20,Updated system firmware,Info
,,,,,,,,,,,,,,21.0,,,,2023-01-21,Replaced UV lamp,OK
,,,,,,,,,,,,,,22.0,,,,2023-01-22,Inspected structural integrity,Warning
,,,,,,,,,,,,,,23.0,,,,2023-01-23,Cleaned storage tanks,Error
,,,,,,,,,,,,,,24.0,,,,2023-01-24,Repaired wiring issues,Critical
,,,,,,,,,,,,,,25.0,,,,2023-01-25,Replaced control valve,Info
,,,,,,,,,,,,,,26.0,,,,2023-01-26,Tested emergency shutdown,OK
,,,,,,,,,,,,,,27.0,,,,2023-01-27,Inspected drainage system,Warning
,,,,,,,,,,,,,,28.0,,,,2023-01-28,Updated user configurations,Error
,,,,,,,,,,,,,,29.0,,,,2023-01-29,Cleaned grow trays,Critical
,,,,,,,,,,,,,,30.0,,,,2023-01-30,Repaired broken tubing,Info
,,,,,,,,,,,,,,1.0,,,,2023-01-31,Replaced humidity sensor,OK
,,,,,,,,,,,,,,2.0,,,,2023-02-01,Calibrated light meters,Warning
,,,,,,,,,,,,,,3.0,,,,2023-02-02,Tested nutrient delivery system,Error
,,,,,,,,,,,,,,4.0,,,,2023-02-03,Checked water reservoir,Critical
,,,,,,,,,,,,,,5.0,,,,2023-02-04,Replaced flow sensor,Info
,,,,,,,,,,,,,,6.0,,,,2023-02-05,Tested spray nozzles,OK
,,,,,,,,,,,,,,7.0,,,,2023-02-06,Cleaned misting system,Warning
,,,,,,,,,,,,,,8.0,,,,2023-02-07,Checked fan operation,Error
,,,,,,,,,,,,,,9.0,,,,2023-02-08,Inspected air circulation,Critical
,,,,,,,,,,,,,,10.0,,,,2023-02-09,Recalibrated dosing pump,Info
,,,,,,,,,,,,,,11.0,,,,2023-02-10,Tested heater functionality,OK
,,,,,,,,,,,,,,12.0,,,,2023-02-11,Cleaned debris from system,Warning
,,,,,,,,,,,,,,13.0,,,,2023-02-12,Inspected grow medium,Error
,,,,,,,,,,,,,,14.0,,,,2023-02-13,Repaired broken components,Critical
,,,,,,,,,,,,,,15.0,,,,2023-02-14,Checked nutrient concentration,Info
,,,,,,,,,,,,,,16.0,,,,2023-02-15,Tested filtration system,OK
,,,,,,,,,,,,,,17.0,,,,2023-02-16,Inspected irrigation system,Warning
,,,,,,,,,,,,,,18.0,,,,2023-02-17,Repaired leaking pipe,Error
,,,,,,,,,,,,,,19.0,,,,2023-02-18,Calibrated environmental controls,Critical
,,,,,,,,,,,,,,20.0,,,,2023-02-19,Tested water conductivity,Info
